planted_z,recovered_z,depth_err_pct,planted_r,recovered_r,radius_err_pct
-61.92976379394531,-62.05644678734242,0.20455914189922422,8.0,8.017871093750003,0.22338867187503553
-61.92976379394531,-61.9861660920577,0.0910746217280142,14.0,13.996848678588881,0.022509438650849693
-61.92976379394531,-61.97443102399086,0.07212562636952038,20.0,20.00005537420513,0.0002768710256439988
-38.030059814453125,-37.88328362464907,0.38594782790290616,8.0,8.060937500000005,0.7617187500000622
-38.030059814453125,-38.13506522810087,0.2761116184409441,14.0,14.013244628906262,0.09460449218758882
-38.030059814453125,-38.045822572853844,0.041448155689537386,20.0,20.00920724868773,0.04603624343864965
-14.130355834960938,-14.196411759867306,0.4674753111520026,8.0,8.002842712402346,0.03553390502932796
-14.130355834960938,-14.210877488247352,0.5698487301161228,14.0,14.008245849609386,0.05889892578132867
-14.130355834960938,-14.188596686922523,0.41216833207757897,20.0,19.999286074144877,0.0035696292756171037
